place_id,name,address,lat,lng,phone,website,rating,reviews_count,hours,photo_url,map_url
ChIJU17l4kSxjxIRiCo9JF3jw70,Flex gym,Ben Aknoun 16000,36.7527547,3.014061,+213 559 73 74 09,,4.2,14,"lundi: 09:00 – 12:00, 14:00 – 23:00; mardi: 09:00 – 12:00, 14:00 – 23:00; mercredi: 09:00 – 18:00, 19:00 – 22:00; jeudi: 09:00 – 22:00; vendredi: 14:00 – 17:00, 18:00 – 22:00; samedi: 09:00 – 12:00, 13:00 – 17:00, 18:00 – 22:00; dimanche: 13:00 – 22:00",https://places.googleapis.com/v1/places/ChIJU17l4kSxjxIRiCo9JF3jw70/photos/ATKogpd4APDTnXdKUql7uKQuECuvIFtWFbdgL3qYIfv4ZMsBLsfmqSQeipaX2eYB51bJR54Vl0Yy9GA54YeqcY4wplJcYlHLE5C7G9vIs4er9wEcXV8B0aA_Jsthj4f8OxvS7pDa3PJxhAwkIvmtrK9J1ejvMJRGXVUra0dceeqx35fJCl0d0TrKoXW2j-n7q1EjBfBxmnX6XttkQfNCFvXCV5kkjFDUejBzirkgNQQoMi6B0JyHYf90Xzn7GqhqgO1dOvxZiaE4NY8rJT1jhRWrQ58YZ5lmpH68B8lJ2HtNTwg/media?maxHeightPx=400&key=AIzaSyB6EE_Ns6JWEPjmb-RyI_IqXmJvZYLJNbM,"https://www.google.com/maps/search/?api=1&query=36.7527547,3.014061&query_place_id=ChIJU17l4kSxjxIRiCo9JF3jw70"
ChIJO_butf6tjxIREdyvCAg4ukE,Fitness house sidi yahia,"2 Chem. Sidi Yahia, Hydra",36.738650799999995,3.0371984999999997,,,3.9,68,lundi: 06:00 – 22:00; mardi: 06:00 – 22:00; mercredi: 06:00 – 22:00; jeudi: 06:00 – 22:00; vendredi: 15:00 – 22:00; samedi: 06:00 – 22:00; dimanche: 06:00 – 22:00,https://places.googleapis.com/v1/places/ChIJO_butf6tjxIREdyvCAg4ukE/photos/ATKogpdO7GdNs0j_HjMFWIePxo_7MJsdRcYE0aSPlOtOdAeMP3TK5yYMGR9Lj8XpnVQa3MP43X3I1vYbKqOx0p52pWQoVp5nwFJwZgMI0qFkly-KAT8mnlVSF-aDNxPIKciIcqStIxAggBdEjCA6qnMKUKuVvZrQa44DPt2tVbNAzEG7fsm-bivqbusCHStpAH1YBxAX12rbMNUxdI8g-feWbfyTbk3yOq8RRMDKuH9Q7T_B6y7sDl1p736HHGVXKhQW0hHNC1i1QJIkxZSN641uFkqx1BM-9ukX3UkLkTFnydlnkA/media?maxHeightPx=400&key=AIzaSyB6EE_Ns6JWEPjmb-RyI_IqXmJvZYLJNbM,"https://www.google.com/maps/search/?api=1&query=36.738650799999995,3.0371984999999997&query_place_id=ChIJO_butf6tjxIREdyvCAg4ukE"
ChIJN4rsvCKJfg0RvlojTYmgGZA,Fitness factory,"P96P+8RW, Rue Di Bou Kheloua Cheikh, Oran",35.7108713,-0.6129152999999999,,,4.3,38,lundi: 07:00 – 23:30; mardi: 07:00 – 23:30; mercredi: 07:00 – 23:30; jeudi: 07:00 – 23:30; vendredi: 07:00 – 23:30; samedi: 07:00 – 23:30; dimanche: 07:00 – 23:30,https://places.googleapis.com/v1/places/ChIJN4rsvCKJfg0RvlojTYmgGZA/photos/ATKogpfwT-uhJNQnBu0-yO-MD-55f0Mzb4f1PjLWjd23NOwnjPxDj5YjB0nx1u9LnBWzqyMQIp0gRPWBQrHk1Qz01MljxDhDQvPx2kux9ZpvQiGrPWXgALtwdDrOlSqF3OlxnXpTo7QRVYIzYQ8e2L7-2LERkKp8DqFX3IuW93sWOO4dbAWIOIeyNcfPuJwXE0fVVJaA_JrVDQ3MkX_DZ0VEHS2hwL9LU6ma42MGSZcqOUq5MAEwLvANZVvmyU_pVL1ySyo6HZlOXt0wsiYn5ejjjME9jNucwroz6z5TovJOk8KDN2fdkFolxt2QO2DMAvIdNTexsouhyLjgBab5BHS2cyXJMMBujVlfvAW3hWM0HqO5tMq1CMwYhFrXlVnUJ57KSjrN1TG-WehUVJMYJqoH-M95DODVwNNshBZPDT3GFSmDKQ/media?maxHeightPx=400&key=AIzaSyB6EE_Ns6JWEPjmb-RyI_IqXmJvZYLJNbM,"https://www.google.com/maps/search/?api=1&query=35.7108713,-0.6129152999999999&query_place_id=ChIJN4rsvCKJfg0RvlojTYmgGZA"
ChIJWR9ty3itjxIRyuF1DM0uVUg,Mina Sport,"P3P5+XWV Les sources, 28 Rue Musette, Bir Mourad Raïs 16000",36.7372776,3.0589844,+213 661 57 08 68,,4.4,36,lundi: 09:30 – 21:00; mardi: 08:30 – 21:00; mercredi: 09:30 – 21:00; jeudi: 08:30 – 21:00; vendredi: 09:30 – 12:00; samedi: 09:30 – 21:00; dimanche: 08:30 – 21:00,https://places.googleapis.com/v1/places/ChIJWR9ty3itjxIRyuF1DM0uVUg/photos/ATKogpe5IjejMjKKtatcxfeENGHf8askG6M1kIuiACFQTKmON-eUZjg4r6MEN4IvsCEi6h8T05v-nzFY-0Ka7uR6Fjxw7RJOu-oBX7bR8_IfrO3Rul90miQoYzrkYEF9bYEyKryc5j-cHzkG0djbGN_chZWImEkYK5PIR-x1tzZw56k5jvEF7y9PmrFfhhi7bAxRU4jH1Kf9HPf3Ufo6hYT3XbdcILIox9hjU0xvDbeBg7o54vZFROIza9pAs5zZz16yhIt4l5bv-07-P7dRLPoB29QFvEeW-z-JUg5sTmk4EcI34g/media?maxHeightPx=400&key=AIzaSyB6EE_Ns6JWEPjmb-RyI_IqXmJvZYLJNbM,"https://www.google.com/maps/search/?api=1&query=36.7372776,3.0589844&query_place_id=ChIJWR9ty3itjxIRyuF1DM0uVUg"
ChIJBd2PZlGtjxIRt3ZA8W6PlyM,Gym time,"P3J9+MMR, Kouba",36.731730899999995,3.0691493,+213 23 70 59 47,,3,24,,,"https://www.google.com/maps/search/?api=1&query=36.731730899999995,3.0691493&query_place_id=ChIJBd2PZlGtjxIRt3ZA8W6PlyM"
ChIJgfIgdQB38RIR1OxWhkFk_MY,Oxygen gym constantine,"9J45+3VG Station Khemisti, Constantine",36.355176799999995,6.6096942,+213 555 92 82 23,,4.6,12,lundi: 06:00 – 00:00; mardi: 06:10 – 00:10; mercredi: 06:10 – 00:10; jeudi: 06:10 – 00:10; vendredi: 06:11 – 00:11; samedi: 06:11 – 00:11; dimanche: 06:11 – 12:11,https://places.googleapis.com/v1/places/ChIJgfIgdQB38RIR1OxWhkFk_MY/photos/ATKogpdgWjgV1LBXAgclSYy-SQcEAFr_ivtSsz7_hBac1p360PrQwwzkpIvOCqPtLF8g2FmhUHkY7ldK-P2h1PbjJYHiIOEDwDw7EWz54AX4pAf2RjM3ernnf1fmEliqjHYAZqP3otWZwu126XNMW0uLhin88VNY0EG8t1tSUMzcvZCtm16E30OPrI5kJSQGJ265Xa2tap7FOvmiLcbo22nEEdl92XjyH9vSHIKcab7LPgzbuqmrywaDPkCeKVoANnPFKIJqs12evt5qeJJ7zOH2joRTsVo7YBjGZv4BQ-mtAqcErND86qq_zGXMFhk_hQalG_UUkeo8aH6AfDusmTPrvz5NySuPkSzM3bzGB2eGobjGJdaRM0Uln5nnMojQiormwcb1-pHriSGug2clNMKgiL6YdwnW8upB910xABVUgwooAw/media?maxHeightPx=400&key=AIzaSyB6EE_Ns6JWEPjmb-RyI_IqXmJvZYLJNbM,"https://www.google.com/maps/search/?api=1&query=36.355176799999995,6.6096942&query_place_id=ChIJgfIgdQB38RIR1OxWhkFk_MY"
ChIJ_Xga3ZeJfg0R0edq9StfCh0,S18 TRAINING CLUB,"14 rue mohamed Khemisti, Es Sénia 31000",35.6524425,-0.6264579,+213 562 67 65 40,,4.9,32,lundi: 09:00 – 22:30; mardi: 09:30 – 22:30; mercredi: 09:00 – 22:30; jeudi: 09:00 – 22:30; vendredi: 09:00 – 22:30; samedi: 09:00 – 21:00; dimanche: 09:00 – 22:30,https://places.googleapis.com/v1/places/ChIJ_Xga3ZeJfg0R0edq9StfCh0/photos/ATKogpc0JriOqA2mGeY4Oir2FeDxl4tOpgX6HqRkTQX2YNv_LenrR547pMX7WDAL4JPQpSyJoigYlf8qNCx6-qjmbzK6wuHLYRz42wcdhpGjC5MAvqekwewhRPt_-3Ml2tgc57npDwX4AYoXlg44wQe9mPWvYaeRXQU5dG2WGPM3fhbbVLG09Q2AXFdj_6srjDY-udBVPshV3eVonoWBOASbq-_NH8aSZjqX79Bre8bdG5DY5w7bD_-XNNDh9F9TfdrjvKnfz9gFC9k3GUOgRKgL-cxrloBcHLtmhThbQV_smOJV1w/media?maxHeightPx=400&key=AIzaSyB6EE_Ns6JWEPjmb-RyI_IqXmJvZYLJNbM,"https://www.google.com/maps/search/?api=1&query=35.6524425,-0.6264579&query_place_id=ChIJ_Xga3ZeJfg0R0edq9StfCh0"
ChIJE1wygNGJfg0Ruiny-1ObfNo,1 6 8 Fitness oran,"31000, Oran 31000",35.695003799999995,-0.6168739,+213 555 16 81 68,https://www.instagram.com/1.6.8_oran?igsh=aGczYW5sNXZ0cmRu,4.8,21,lundi: 07:00 – 23:00; mardi: 07:00 – 23:00; mercredi: 07:00 – 23:00; jeudi: 07:00 – 21:00; vendredi: Fermé; samedi: 07:00 – 23:00; dimanche: 07:00 – 23:00,https://places.googleapis.com/v1/places/ChIJE1wygNGJfg0Ruiny-1ObfNo/photos/ATKogpcR-_aZmW5q5_5rKMfI7ylRMSrwI5dp85Yyu-y__X9gwNXrxKej5yO1CgAL-dnXq2H2ECpfL_34OBFHdctSr1iQh9AjLU93RM7TAiqz0Qti6zm_vUqT9FFLygTyNWFEwjJwDm8BYqAd6FJLhNrcBCgFpErJhAIkXX3ze3kggrQ79H2mKhzyQwM4GQLq4ufHPHR1SpU3wfrMveQmup_fp2UTSKpabeHWxPXW7q2H5Km6GH3PBD3xLOfj0fMAvVz0Gc5-6X8JP7VWkF68i3WkKLemvcaAbJv7xXGL-Dl6OzuJNA/media?maxHeightPx=400&key=AIzaSyB6EE_Ns6JWEPjmb-RyI_IqXmJvZYLJNbM,"https://www.google.com/maps/search/?api=1&query=35.695003799999995,-0.6168739&query_place_id=ChIJE1wygNGJfg0Ruiny-1ObfNo"
ChIJmxRpZQeJfg0RIJnWwQny728,Oxygen Gym Oran,"M9H4+GCG, Oran",35.6787487,-0.6440478,,,3.7,43,"lundi: 07:00 – 00:00; mardi: 07:00 – 13:00, 19:00 – 00:00; mercredi: 07:00 – 00:00; jeudi: 07:00 – 13:00, 19:00 – 00:00; vendredi: 16:00 – 21:00; samedi: 07:00 – 13:00, 19:00 – 00:00; dimanche: 07:00 – 00:00",https://places.googleapis.com/v1/places/ChIJmxRpZQeJfg0RIJnWwQny728/photos/ATKogpegeKhAzMUw2tHc5zVZgp4HahxuQvb0XHsL1Yqo3B8ZXtPK3252QL-hg8RGtvPMbKDByQUpOufMKMipJ02AsUYW8sQLg2anPaUcg_86PmLBAVgul3M5TEDqlNMOfTUmcrOCdqUHLyeFZ6DzLFJA-s9O0onWvJ7ze-xsdvCNifA4xRtJSFz5LCzchL2UGnQ1ydsMvx8Xw56ixjL3iSewP8lXgV2uRnhe6-ICQOvhYBNeZ4MuOry0_PFxYjiiW5JBdsPTAO5abjfXaBllXGLmYDNEqOAA929l82QRXkt2FlAV6A/media?maxHeightPx=400&key=AIzaSyB6EE_Ns6JWEPjmb-RyI_IqXmJvZYLJNbM,"https://www.google.com/maps/search/?api=1&query=35.6787487,-0.6440478&query_place_id=ChIJmxRpZQeJfg0RIJnWwQny728"
ChIJxQL7axKzjxIRy5se8my0v_4,Évolution fitness El biar,"28 Rue Hamidou Souiki, El Biar",36.771858,3.0345948,+213 549 93 01 25,,4.3,48,lundi: 06:00 – 23:00; mardi: 06:00 – 23:00; mercredi: 06:00 – 23:00; jeudi: 06:00 – 23:00; vendredi: 08:00 – 21:00; samedi: 06:00 – 23:00; dimanche: 06:00 – 23:00,https://places.googleapis.com/v1/places/ChIJxQL7axKzjxIRy5se8my0v_4/photos/ATKogpcb3OFnPrJ-odQYo5woJEfuv2Zj-tnidYmO6sDtIX1sCNWu5MkZNqG-qun9wSRew2DfiwtnyWVKvE7KPvM9Hyyxii1TZHHtEx_H_sNw_-W6pJuhsbtIzMddvyp_pjT0X-E8oDtW8JA_B1UogPyD85JBqhXZFLSkas9GdElT2C77B3BhR3Jr3jB68qu0vlYH4FdBWwuIbYQYTWMB5TxG6hIJIYbRk4XUtjXj6rqP3VvUojwzZV09Pe-xH0vlZBye4vYEV503ULFyFbMypgIAMl3tpGtk3skXDDMOUPr7vahBql-0BcXjW3-bOQNecsoEbpJwVgft0A6hrdeI5U_b8CqoV7znnH5a3JaTYgYjHgVN-wrNj3nPXSWhYihTsx6FSPgO3gYrZpnpdbBSPnAzWrCJ8S-tkE8FwBIW9okPbhzA4g/media?maxHeightPx=400&key=AIzaSyB6EE_Ns6JWEPjmb-RyI_IqXmJvZYLJNbM,"https://www.google.com/maps/search/?api=1&query=36.771858,3.0345948&query_place_id=ChIJxQL7axKzjxIRy5se8my0v_4"
ChIJ1We-eYGJfg0RmuC2qzVUjSw,Extreme Gym,"M9P2+9VW, Av. Mustapha Ben Boulaid, Oran",35.685981700000006,-0.6477962,+213 792 77 19 35,,4.6,10,lundi: 08:00 – 22:00; mardi: 08:00 – 22:00; mercredi: 08:00 – 22:00; jeudi: 08:00 – 22:00; vendredi: 16:00 – 22:00; samedi: 08:00 – 22:00; dimanche: 08:00 – 22:00,https://places.googleapis.com/v1/places/ChIJ1We-eYGJfg0RmuC2qzVUjSw/photos/ATKogpecE0vL64Rx-61UmB2lD6onx-Xy9Sk_9Xr-pZxqwBCbKduKEbod87tzcH8bGzCHbP3BfphMvsWU53nJYq6qQGobh-iOmt4queuEd61YftsqG9Vw9fu8VFlfL9ThvsIsBZWauMLECJXTwcPIyJ1uONRuLthPrl2Bbu9R8cwIC--TMGk-8gYtMWv271FwTZfXf5Ir8vbU6h2NjvMGwjJJ4Dm7Xqo353LP_oVgY8oDmn5U6Ycu6sDiKUBpVNyU84ooIzBdmbhB6Ac-Uf72u8Mqspw_wP8aqABVO0_JX31oi8ZwTzBwVxELhoK27DkADShMxhOzBTLmx6B5tjaHtJOEW06UXjmcfCbiWT7JyAec-zDpGGvdnx6NTLj9vnwUj-gkVqKBrRjcnQhxJO3XwuUbYE89vQsdTD7_arobVA8mMjocIg/media?maxHeightPx=400&key=AIzaSyB6EE_Ns6JWEPjmb-RyI_IqXmJvZYLJNbM,"https://www.google.com/maps/search/?api=1&query=35.685981700000006,-0.6477962&query_place_id=ChIJ1We-eYGJfg0RmuC2qzVUjSw"
ChIJX35QtJKzjxIRBDhCifrUV8o,Five Gym Club,"Bd Mohamed V, Alger Centre 16000",36.7679931,3.0523602000000003,+213 21 63 68 31,,3.4,94,,https://places.googleapis.com/v1/places/ChIJX35QtJKzjxIRBDhCifrUV8o/photos/ATKogpeabr0IoAxEStZfPSE4S316r0Ma1XnbOpVSx2bfzakZSUFFoCgKy_5U4jHyf-2gv2iE9tdU4v-Fp7fuzOn66HLYK6vJSYa1CIUaLblPTjxjwmdAwDyONo3feKTAkKqX7b1pKGJhZmtesyKZcsKg7FRVBoSUx1Nb8-ZVX-vHO2v4BHtx-7fAfW1ZV8jzeI5mHaruaz18G5OyNVzXMPFNwuCzKHto13at0FceUtFHA93Ua0CEoamQPVsaJCAOfvxdPONzYrcvtJ6_84JQbMJYeXtgVmfDiyDrKw_oYOxm1FknWQ/media?maxHeightPx=400&key=AIzaSyB6EE_Ns6JWEPjmb-RyI_IqXmJvZYLJNbM,"https://www.google.com/maps/search/?api=1&query=36.7679931,3.0523602000000003&query_place_id=ChIJX35QtJKzjxIRBDhCifrUV8o"
ChIJd6CVJppifg0RSHJECwm2cwo,"Power Gym, salle de musculation, fitness et cardio",Lot 06 Coopérative Hachemi Ghazali، HAI EMIR AEK(BeERNARDVILLE)، Oran 31056,35.711661,-0.593561,+213 775 89 31 99,,4.4,145,lundi: 06:30 – 23:00; mardi: 06:30 – 23:00; mercredi: 06:30 – 23:00; jeudi: 06:30 – 23:00; vendredi: Fermé; samedi: 06:30 – 23:00; dimanche: 06:30 – 23:00,https://places.googleapis.com/v1/places/ChIJd6CVJppifg0RSHJECwm2cwo/photos/ATKogpc7Rj7K-sL9ub-cKJc5ZW96mDUiRolG83drqCcqEh27RvlnuV5BE7IvmGHWJ70K3SmOQIQA2gs1tsBhLMRAFrMjZRsKnXcX5saZe4yh1HydjuEBEA5bIKLmGGkT05Urx9BTgqkPYHeJx-pok7sdPO7MyvEiMkkSJH63GIXWM7aMpRmd48JjRTpGjinyUAXGGotzDNPqLTy-N2vQFGccJtVEbudOD4FuOlmDhiHNxnpl0xtSRecefVeM3FteSK3bdbylMGrKutaSKw_Ud0sM63FW5iUZO_NGxEzEjt8IJ36aLGhmrcM5jkHyBj-P0egbL3RfawlvTyf77G3eCW3I0xv4k5GBE6M4Z0U3kN7QCGmjWO02ylaAgZWcu9ArTBTWPmx5GyGxXEiRE3h7MFKlHm6CeR7_-NJcFHebJFHFsK_mLXnT/media?maxHeightPx=400&key=AIzaSyB6EE_Ns6JWEPjmb-RyI_IqXmJvZYLJNbM,"https://www.google.com/maps/search/?api=1&query=35.711661,-0.593561&query_place_id=ChIJd6CVJppifg0RSHJECwm2cwo"
ChIJK_vF1JCJfg0Rpjbp7l8Dg7w,RD GYM,"56 Rue Med Boudiaf, Oran",35.6996794,-0.6396062,+213 776 59 17 99,,4.6,12,lundi: 07:00 – 23:00; mardi: 07:00 – 23:00; mercredi: 07:00 – 23:00; jeudi: 07:00 – 23:00; vendredi: 09:00 – 19:00; samedi: 07:00 – 22:00; dimanche: 07:00 – 23:00,https://places.googleapis.com/v1/places/ChIJK_vF1JCJfg0Rpjbp7l8Dg7w/photos/ATKogpf0IAxPgarwVbPoMpE7ASqTiw92AvkggeN0BfzL2c_5Iv6A6liJNcDvWZZhjDoBT2GchqlGvntyQW0tmwbdTRZM5-pewkmwxJsIs-hdL7M1jX0lVgEj9DSMAdnl3OQWg5lmA6p94Nq8vRRVYyYeclw6-5ubT2NtZfiE9kCWqBQLMREpGmPILXmLT0fnttcXP6wkaIOJu5NEA49K889kNTFP7HHudYaFBBRpwxEqZGgti4of_BSSXouVTpMiNdcvV6_EViD8AfB8JqY8KmOfRj2OvMkEaRqE30ylU670jKQ2Hg/media?maxHeightPx=400&key=AIzaSyB6EE_Ns6JWEPjmb-RyI_IqXmJvZYLJNbM,"https://www.google.com/maps/search/?api=1&query=35.6996794,-0.6396062&query_place_id=ChIJK_vF1JCJfg0Rpjbp7l8Dg7w"
ChIJK799SdazjxIRYSsw2ECSJUg,SPA Maison Al Fatiha (Hammam & Massage | Que pour Femmes),"P2WH+F9G, Hydra",36.746169099999996,3.0285979999999997,+213 561 16 90 27,https://www.instagram.com/spa.maison.alfatiha?igsh=MWIwZ20wdG01ZzF5dg%3D%3D&utm_source=qr,4.4,134,lundi: 09:00 – 23:00; mardi: 09:00 – 23:00; mercredi: 09:00 – 23:00; jeudi: 09:00 – 23:00; vendredi: 09:00 – 23:00; samedi: 09:00 – 23:00; dimanche: 09:00 – 23:00,https://places.googleapis.com/v1/places/ChIJK799SdazjxIRYSsw2ECSJUg/photos/ATKogpd_b2VVr5rDgyfsoPlJgfoPEPO1tLP0YLpNTjeAiSEi_h8MIFAvI27gVinaTar5120Uva1dcJ9WwvGasMvOKe4RWVQhXiRuPuloGasoKw7lqiXVj6YXkIarbPsNf8YDBxzVA4h-nDnqI4J99suCNfU_ekNhI1XNbIdcP8KrY91CEJ8nuhQxFuAulkA5LpLWRAqK7ERA7TGFmna2UInGyYdXfD6cZJijeFjJ2bo3e4rYPBbTRgilLaervftT70o6Z6gXHlT0WbfDbOKpSemS7eN70dfJwkLqksHONulcIsDaag/media?maxHeightPx=400&key=AIzaSyB6EE_Ns6JWEPjmb-RyI_IqXmJvZYLJNbM,"https://www.google.com/maps/search/?api=1&query=36.746169099999996,3.0285979999999997&query_place_id=ChIJK799SdazjxIRYSsw2ECSJUg"
ChIJi8T-FwBjfg0RCLKi4CBs5mg,Power fitness Oran plaza,"Plaza, Oran",35.717935000000004,-0.5988397,,,3.8,16,,https://places.googleapis.com/v1/places/ChIJi8T-FwBjfg0RCLKi4CBs5mg/photos/ATKogpd_6TmvGZdMnlsMRwVcOfHSdKzZM_jDos7ry85xZTC55Rxh4dkVuFyJx-Zn_qu9P2WZQj5nlXs6l7-5w64n710IhBtxGk5qb0t_KJfp4gVdCl2flGCHDh2afLYY5qSqhx92rSObfTWum3smmvNVM6nYl5UsIeRb1l6xgdckODKNXB1Ff58IwGk6Y0OhqHyst21XDKFQlhPgUwLcV__3xXCCRQBzacmEo3LGuRCaYFrwrQlPyuRZ2DkeWV0RWxmxHpl5eL8ZafrdFYp-v2DlO_bUkCNgVSKc-dHIqxY-S1bVGcgfqQdzXQRXwai4_lc430w3fyqpFXC9r6UVysYnnwJJWRafvFQtn-eFNqpOw4vGcy6OIrgOkplw0aFp0mgPmYGeg1bcT3un5jeLk6T8AaIGYXdvGaXoTPOZC_hgy-SSLfr0OGQLVA9vm7uEVO4k/media?maxHeightPx=400&key=AIzaSyB6EE_Ns6JWEPjmb-RyI_IqXmJvZYLJNbM,"https://www.google.com/maps/search/?api=1&query=35.717935000000004,-0.5988397&query_place_id=ChIJi8T-FwBjfg0RCLKi4CBs5mg"
ChIJu-pcORWJfg0RbSXcvYiMuZs,Planete Fitness,"M8CP+PRC, Oran",35.6718216,-0.662975,+213 41 21 82 64,,4.2,40,lundi: 07:00 – 23:00; mardi: 07:00 – 23:00; mercredi: 07:00 – 23:00; jeudi: 07:00 – 23:00; vendredi: 07:00 – 23:00; samedi: 07:00 – 23:00; dimanche: 07:00 – 23:00,https://places.googleapis.com/v1/places/ChIJu-pcORWJfg0RbSXcvYiMuZs/photos/ATKogpe3spLoV-FZVDNCSSM-685__GnbcToP_1e92KD7Jo9o3RWwrcMzhaMw5Uv2w8YWEjx4NVPmviQAKn-SV55V2ugRQswlGpUqRhGdhJQA72QPjBtiw7sbEAl_dYCbEEzJSG7_MljDDi4UJpP5if9hvDC2Ap_68sOCt2SJxEHI1qzxOQm7YX3RAYes_c-o1wtGLcIAzNGGml9xtWb95998daiChtwpfdJrIpjOnx_QKrskMG2lxaRpDdZVqcbSet66RRZJzvnHkcsWJbF3vXxCgt7hlGuF5CvwcCDuxZ4C602hsmPZkCvHmAGGwjK_SBtzZTdyN-V4oMX7PqFGaXgCduos7Z95QiAkQnVVgpxl0flvoJ6fcSSyU5le-z-81nH7_uT-JXUEabbJTdLMztFkYPktwI0jA8b5lxUBwyrhpgms0G0/media?maxHeightPx=400&key=AIzaSyB6EE_Ns6JWEPjmb-RyI_IqXmJvZYLJNbM,"https://www.google.com/maps/search/?api=1&query=35.6718216,-0.662975&query_place_id=ChIJu-pcORWJfg0RbSXcvYiMuZs"
ChIJw7IuBX138RIRBo0xFspbdSc,Premium Sport Club Constantine,"56 rue des frères ghedjghedj, Constantine",36.363658199999996,6.6407793999999996,+213 770 78 56 42,,3.9,12,lundi: 06:00 – 22:00; mardi: 06:00 – 22:00; mercredi: 06:00 – 22:00; jeudi: 07:00 – 22:00; vendredi: 08:00 – 19:00; samedi: 06:00 – 22:00; dimanche: 06:00 – 22:00,https://places.googleapis.com/v1/places/ChIJw7IuBX138RIRBo0xFspbdSc/photos/ATKogpfgK-U4ubGWr4Y7wVsCxuDA-bdxcU7mZst1X06XwC89lDjYRJpjABcWHqSPszJ6T9lsu-C46FhjkehlA_0NzcvhGGZfQseFOnEwYxGveeGf1U89fHL7zxD3JRPZZ9OQRMjdKayOUQAkzWlSW8kC5zHdA8lXs-rkEaRfGuGMvdpIRG4qwOdEvX6rCuYB28Sb53O7MTix4DcauK6YxOeJgkfs-v7pnPcBViHLzlrC_nh-XLAr9XEBJU5UWsqqVVdfwlEmhDWqhgoKhlbpTiBlX48zPx25-1mp9QKxELF3WW_Iiw/media?maxHeightPx=400&key=AIzaSyB6EE_Ns6JWEPjmb-RyI_IqXmJvZYLJNbM,"https://www.google.com/maps/search/?api=1&query=36.363658199999996,6.6407793999999996&query_place_id=ChIJw7IuBX138RIRBo0xFspbdSc"
ChIJM3aQIgB38RIRBpZIC15XwA8,Beast_gym_25,"8JX3+W7C, Constantine",36.3498004,6.603144100000001,+213 798 47 64 45,,4.3,3,lundi: 08:00 – 23:00; mardi: 08:00 – 23:00; mercredi: 08:00 – 23:00; jeudi: 08:00 – 23:00; vendredi: 03:00 – 23:00; samedi: 08:00 – 23:00; dimanche: 08:00 – 23:00,https://places.googleapis.com/v1/places/ChIJM3aQIgB38RIRBpZIC15XwA8/photos/ATKogpcWiAbMDIV4_oMqQi0H7yVsWVxqzZt7q_O-xadMZMoL2ctLZ-JwsFLirzCdMR7OO357BDcxumGTs-v2BpZZGq61iOeOeojK1mo6adbj3jWqCInmGAjlh__bDFn6PSYSWfN3H0ufGXY1dNU8xHzEbZopsBoLIuEnzHpKg4V31nokjc7LOgtJ0qsXnDRB8gAefNFeDR2OFNxn9dSldpb6RwzW02zygu26vzPZPUkWIvmgexpH26SNleS1QhW3ofn3FxCIuq3EROfxdVhXEtNIYyGhjyc2Xb0N3wpo4uDm5GseqMdah2qg6C8fKsaI0JqukH7jN2rbg6Ofp1x1Rb5AkO2rZyRUjC4GXKDcREMxPxt2hdHYMWcFa8l7WNrxv1tLK8-Eh-h7AVLtql1THZcg9ga3jJtcGXQZ__kjB2TCOvA/media?maxHeightPx=400&key=AIzaSyB6EE_Ns6JWEPjmb-RyI_IqXmJvZYLJNbM,"https://www.google.com/maps/search/?api=1&query=36.3498004,6.603144100000001&query_place_id=ChIJM3aQIgB38RIRBpZIC15XwA8"
ChIJMe0w0QiJfg0Rt4Qfk4sQhTA,Maxi Fitness,"M9J4+RG3, Rue Rached Aoued, Oran",35.682016499999996,-0.6436892000000001,+213 41 23 30 52,,4.5,57,lundi: 06:00 – 00:00; mardi: 06:00 – 00:00; mercredi: 06:00 – 00:00; jeudi: 06:00 – 00:00; vendredi: 06:00 – 00:00; samedi: 06:00 – 00:00; dimanche: 06:00 – 00:00,https://places.googleapis.com/v1/places/ChIJMe0w0QiJfg0Rt4Qfk4sQhTA/photos/ATKogpcv5hQlcUczqIT8zhw7THEj8d0m8SJb9XqB-gzHSjgXkN8PVoKRg4n0Pc3lcRmzq52hoeZelqxXQK2WeHJu7url3VeRnDLjaJIBHLObIuYfbCd8jncKX5HH77EtL08qeOey-j_o7PD_eHlORb46rBDUHHIcvyfrTkZRNgfWRQXTlZk57SzKLvsC0dEQcHVQJYxriP7iMsS4XxvSKLiPLs27_5FC-g-LGwp8HQTojQd2azNOnjzKFx08Vtzu1OsmGfTCwyNXWBJRIl8z9gkLhbr2EN38JPTtf4pvQr6wt_X4AYVBm4Rp6Zbryfb4_txmUrbRSiJ9hd1giz1B3sMYXS9EOMsAxaC8ChjdpU8upc_l5Zv4nN2Si94DwKowORfK1dsJnEA-f28Xqnl7UJ3lyoMMQg3wf0UD9Gn38zJzIRBAHg/media?maxHeightPx=400&key=AIzaSyB6EE_Ns6JWEPjmb-RyI_IqXmJvZYLJNbM,"https://www.google.com/maps/search/?api=1&query=35.682016499999996,-0.6436892000000001&query_place_id=ChIJMe0w0QiJfg0Rt4Qfk4sQhTA"
ChIJZasfz3p38RIRYWmhijT_MzM,Chaaba,"8JRF+4Q2, Constantine",36.340581,6.6230902,,,4.7,6,lundi: Ouvert 24h/24; mardi: Ouvert 24h/24; mercredi: Ouvert 24h/24; jeudi: 08:00 – 17:35; vendredi: Fermé; samedi: Ouvert 24h/24; dimanche: Ouvert 24h/24,https://places.googleapis.com/v1/places/ChIJZasfz3p38RIRYWmhijT_MzM/photos/ATKogpfYGjXEOUqDMKqPGMofsjIkHLRsnJQ1MWNfMVW2avwbzbHgLvBvu-feLS7l38Mx4tPDBK2tZAopXxfKwq0xfgAM40waWTHzXxRnhatZ2Kj83Z3qB6-GvPRuq1A9I6YBXCzmuCO-Jm95TOwA2aVj7rXF4FUo1SWzSswAly9yJHEBATzIpfACawKLlVZIQ87bMNX51L7-fS3Gv66WbabiaiM3j1UVXpNKeBu7KymaSeuXjPXwgxabPBIiAQyJ32nEPjbdL3CuimdZ6-aTNzFAojlHQvEsfuqD6V_uDhnvzptNgWBuHTjVXt_pQ0kLZfssLznv1j9r1BRSghwwHGKFmX2wd1fckgbm5uHDdzjg82Jn84kMrQuCHWHGlZFQ-2TCPaVYXBEjzj8Dw7idnaSXPizbnjoF9HE9c6PUvWx-cOQ/media?maxHeightPx=400&key=AIzaSyB6EE_Ns6JWEPjmb-RyI_IqXmJvZYLJNbM,"https://www.google.com/maps/search/?api=1&query=36.340581,6.6230902&query_place_id=ChIJZasfz3p38RIRYWmhijT_MzM"
ChIJGSIr3oCJfg0RkX0Le6BU9F4,World Gym Oran,"P96G+QH4, Oran",35.7118975,-0.623541,+213 560 04 61 71,,4.3,25,lundi: 06:00 – 22:00; mardi: 06:00 – 22:00; mercredi: 06:00 – 22:00; jeudi: 06:00 – 22:00; vendredi: 15:00 – 22:00; samedi: 06:00 – 22:00; dimanche: 06:00 – 22:00,https://places.googleapis.com/v1/places/ChIJGSIr3oCJfg0RkX0Le6BU9F4/photos/ATKogpeF2eM95dJTSbasyPvfN1jjSaw2vQwjM47tyFBcpwimr_zF-02V1LnZGhymVql-Xb_n4B0vJ0p9lEuZX3S8cwAXeo__IqC5t0teTJ1v_xZj19lfW5eQBlyfjf5_IvRMeNhmaBPzsEX61nEuJihmAYuPL2rlyKXCsfMXdSc74dH63aJYuvBq0beL0LEvjmAvwlVq-WksZa2aFfN78bKewiOfEWTAmgFk2k9X_OEk1v43cN9jiAVWdm3_-8ovHg5XXfaMeEXypejf4CsPReC7u8f8-YasLqMUupsekwTeWHY47ewVql9JlMfD2Qw_deLyLD2hnkKnIcd7ZiyXlCLQVlOm3bj4sl5LFv61gi4jtGGsk-AtTX-K4NMAnJ8juvCY26IPP4VwrzDIxciVNwt-RGe6hBSgneEKwJnRchJW5wGsV4w/media?maxHeightPx=400&key=AIzaSyB6EE_Ns6JWEPjmb-RyI_IqXmJvZYLJNbM,"https://www.google.com/maps/search/?api=1&query=35.7118975,-0.623541&query_place_id=ChIJGSIr3oCJfg0RkX0Le6BU9F4"
ChIJS528Sux28RIRfOZdo7e4cmQ,La Sall De Sports,"9J9Q+999, Unnamed Road, Constantine",36.368400099999995,6.638474700000001,,,4.7,3,,https://places.googleapis.com/v1/places/ChIJS528Sux28RIRfOZdo7e4cmQ/photos/ATKogpcHU0c8Kr5ffxpZXjTbEphr4t1U5tKP48X7XD5cfUOBHbhjFEVGN4pXjv4scS-68OkM4hv-6hMnAFierMYitPoal6ETCLUF22tNydQjRqeXdBmlaAyP4jrdzlKtPOua9SUZyRGpMcC5tcPQTdWuniS9MZseTBD894du8vRXHmAIJbcF7kpDWs6MxXTgarG24-viQ4NS4tU8Vl4Ue-qNFHrbHzndfP8uIbjJLrrlqW6TSpsMpEj4QFeN9RlrIfigDwpfoHtU8Oh5ClDhZp7ezoaYqwYnEM2xSruPqL2ZeIWIxnxWfhRoSWF4GpgTvGBwTX96L0OzbXQsWz15Jsf_IxJjCLInM34MzmvjzTDOt3z2irn6CilVkAjRS0JqR3Ws5eEI8ouproJLs4q39Zg2d2HhPnsCHtdidQef9hA1_z1IEI4/media?maxHeightPx=400&key=AIzaSyB6EE_Ns6JWEPjmb-RyI_IqXmJvZYLJNbM,"https://www.google.com/maps/search/?api=1&query=36.368400099999995,6.638474700000001&query_place_id=ChIJS528Sux28RIRfOZdo7e4cmQ"
ChIJActANKCyjxIRKI-855fKOiU,Body Fitness Center,"Rue Rabah Takdjourt, Mohamed Belouizdad",36.744718000000006,3.0786935,+213 21 67 67 55,,3.8,49,lundi: 06:00 – 00:00; mardi: 06:00 – 00:00; mercredi: 06:00 – 00:00; jeudi: 06:00 – 00:00; vendredi: 15:00 – 00:00; samedi: 06:00 – 00:00; dimanche: 06:00 – 00:00,https://places.googleapis.com/v1/places/ChIJActANKCyjxIRKI-855fKOiU/photos/ATKogpf2P8iczsrW3ZM8yJilOg0BhzAsyJ6VpuLChzxqVQYQey_TadwmZthcXdgNDGTXfz-dtRDuKzLbI4g1ZBw1RC0570GcGWMCuIr_EISCu2Sy30kHhuS0TktNrEvbTwnIc02rrNYikqsPugt67MsY8sdsXsXDb14IPhE1mXEvSDhzKIU022DoCTtGbJ0cePMxwu4E6e7w-W3KYQlkmbWMPkunWJLWUBeSp5i2DZOgNvMdF4cLRJl2nRL0cLYq2Tu30J5uvLx_1BjioUCeOqGLpo2gzLi5tsveWKU-pK-P_7AE2w/media?maxHeightPx=400&key=AIzaSyB6EE_Ns6JWEPjmb-RyI_IqXmJvZYLJNbM,"https://www.google.com/maps/search/?api=1&query=36.744718000000006,3.0786935&query_place_id=ChIJActANKCyjxIRKI-855fKOiU"
ChIJ0y8hd06Ifg0RqXYaGq07If8,Salle de sports Hichami Gym,"31000 Rue Belair, Oran",35.700944199999995,-0.6280424,+213 41 85 26 41,https://www.facebook.com/pages/Hichami-GYM/267425170065944?ref=hl,4.5,47,lundi: 06:00 – 22:30; mardi: 06:00 – 22:30; mercredi: 06:00 – 22:30; jeudi: 06:00 – 22:30; vendredi: Fermé; samedi: 06:00 – 22:30; dimanche: 06:00 – 22:30,https://places.googleapis.com/v1/places/ChIJ0y8hd06Ifg0RqXYaGq07If8/photos/ATKogpe4dBqf1eXYHx-NvxfCwHE-a7CySHVOVuvOaFSyE_W2NEHZIhiIzkSPFxHKr7ZFygao2En3-QTSFQjx7FKhsF6v1UgT6Zy7wrSenow5DEg1xv76jvZWduHodqsLmlvvKgVxk7dFcUAdNA9Lw4rhP1JtT3BxPGOtqWtqG37axIVoFrf4--1hPy5eDaMbCHVSO3_Lt5F5KhUMbMpJ-pKaAyI1jN5yNOr4n9q86xgr5km_-qWB3FKM3VeCSV9TnWgUI8xXkTXxG6RB0AzLutxUgPJLThPWuqGiNV5vNDtRmzNqbBubPLih-LnJgqQg65b4IKWjZa-F1WjTDXmZ51raWaxWEtr_p8fONIJnJ8xUPAP-Fpijn2CfewMDnLO2VfOX39eWZz2jzwghxyd2lIB1vJHHQYr-eRZeLbOueSaTZ1LOKHcm/media?maxHeightPx=400&key=AIzaSyB6EE_Ns6JWEPjmb-RyI_IqXmJvZYLJNbM,"https://www.google.com/maps/search/?api=1&query=35.700944199999995,-0.6280424&query_place_id=ChIJ0y8hd06Ifg0RqXYaGq07If8"
ChIJ2SzjsjWIfg0R_Rmlp3x2Exo,Olympia Gym,"M9XJ+HPW, Oran",35.6989904,-0.6181587,+213 775 43 95 15,,3.6,58,"lundi: 06:00 – 01:00; mardi: 06:00 – 01:00; mercredi: 06:00 – 01:00; jeudi: 06:00 – 01:00; vendredi: 06:00 – 12:00, 14:00 – 01:00; samedi: 06:00 – 01:00; dimanche: 06:00 – 01:00",https://places.googleapis.com/v1/places/ChIJ2SzjsjWIfg0R_Rmlp3x2Exo/photos/ATKogpehibp3-Dvif8DrIKeX22iVOM3PUTpv6pTUVbaU1NkOhW19QO1Pvdw7xWypCnvv77EMQp8Du420xSa3ee-_Lqxb6fzV-1ut7PgO7SqykotY-Hc1H-exHYz3Dw0TCGdWwmBJYuBFRFH6r2Wxe_qLCgGxdxfhjuJx8kQDvDBpApGoldlljy6rZvcRrtneWNd4bB-3XUXmmPJUuES0bEifcSLvYGPyEjoqCRZCoAl1Cj2nxWo8dptbKCwd6NK1ayKi8H7vL6vPUK9YR_XFRWn_NdsPJolhBwA5ejLNPsqe8Sgq2Zq1OB026_BlZxRkqDWTpR3QIrY33wi4xorYnVHqoqPCPJ-gOFZDgXfNbEBbmQ5JaV2PQVXGCcrAyw7zVUnx0cEC8z-sTzt7RpeTEQKM9fKmM83ZBhASvdLsq5DhzA0DAg/media?maxHeightPx=400&key=AIzaSyB6EE_Ns6JWEPjmb-RyI_IqXmJvZYLJNbM,"https://www.google.com/maps/search/?api=1&query=35.6989904,-0.6181587&query_place_id=ChIJ2SzjsjWIfg0R_Rmlp3x2Exo"
ChIJc7NIH2CtjxIRHhGbNbLHj-Y,Strongbody hydra,"P2QV+FHJ, Hydra",36.7387984,3.0440578,+213 541 81 64 31,https://www.instagram.com/strongbody_hydra22?igsh=MWNpdHR2cTNnZTE2dQ==,4.3,22,lundi: 06:00 – 00:00; mardi: 06:00 – 00:00; mercredi: 06:00 – 00:00; jeudi: 06:00 – 00:00; vendredi: 06:00 – 00:00; samedi: 06:00 – 00:00; dimanche: 06:00 – 00:00,https://places.googleapis.com/v1/places/ChIJc7NIH2CtjxIRHhGbNbLHj-Y/photos/ATKogpeSA1_Jxcfjei_XWnpnZ0Pm1pdlnYO638ywmfMvPZqi9dZJ05uuEfhYigWpUpZp1GU47jHwy-_1mKjBNLeJ-KZodLL34b4ZJvy0nJOSbKdJyvfHos6uG73gpD3zb_gEBwgti05EernaXiFunFyNXOrI1Au2FFQrUcWJ6XY40l4XBIJ5nWt8ruJ4BXHQVNbIE8CKZQ8koO0IRXv6UDfOiuMEVymCuiLCMcXUPZEb-rV3-Wa7gWOwxltBMBysNdWjVk5KGAJSBozezF1MW8m1yQdlB-uime6NYFJj7W8llQWkTp7rc4yl6LLX0ydAVlsai2wwliotbpP6vuOmcBXVuhgBYXeJaWwhUQK99vvHBoqRxJiMBcR304ZZfR-tcP59GlNAigdm_MKzdM3EHYDm2x-9hGoxag6DdG-jq0TNiLVXs20/media?maxHeightPx=400&key=AIzaSyB6EE_Ns6JWEPjmb-RyI_IqXmJvZYLJNbM,"https://www.google.com/maps/search/?api=1&query=36.7387984,3.0440578&query_place_id=ChIJc7NIH2CtjxIRHhGbNbLHj-Y"
ChIJF5auDiB38RIRZ3uWWLC93KI,Salle omnisports du Mansourah,"9J9Q+M23, Constantine",36.369129799999996,6.6375554,,,4,3,,https://places.googleapis.com/v1/places/ChIJF5auDiB38RIRZ3uWWLC93KI/photos/ATKogpcERkeePJx8EapLQ-L81JUeQC2WeNmx-71zlj3SJIpmfKBTvu9gt55_GtkC6rHtod55hN8-Okv22dZMPpoxJUM_jhiOHWt5KLIJWZsoXAOp3V09h4Go7XNbPKe6RjO-P4vUMg5pSUGLdG9zsyK_IzsdX-pZoYt-G93nknShhZMmldGOmg9i3LQ9VrWrJmh8unqdmj45yVWqHGR-J7D4mwM5SA5T5XuS-98NoIsUzX6ns_TEukhsHtGxUnlEB-2Ks0LpgBh9D70OeIZT_SMSZbh_x3Tr99QCV7TVj6ezmYsnyLSWBnrE87LhwA9e3bC_WyAJPLIqqQyL4P3LqJ4FxJzv_w_Gp0X_LG2eJc9FCWguYjl3XDay3scwOY94UW_z014A1GCDBThZrdrehSFQiDU1Sj6s4kE054hcqj-lB9s/media?maxHeightPx=400&key=AIzaSyB6EE_Ns6JWEPjmb-RyI_IqXmJvZYLJNbM,"https://www.google.com/maps/search/?api=1&query=36.369129799999996,6.6375554&query_place_id=ChIJF5auDiB38RIRZ3uWWLC93KI"
ChIJb7Bv0LazjxIRJ6ecqfEJvqU,Home Fit,"19 Rue de Cirta, Hydra 16000",36.7470052,3.0433613,+213 562 41 21 70,,3.8,77,"lundi: 06:00 – 22:00; mardi: 06:00 – 22:00; mercredi: 06:00 – 22:00; jeudi: 06:00 – 22:00; vendredi: 08:00 – 12:00, 16:00 – 22:00; samedi: 06:00 – 22:00; dimanche: 06:00 – 22:00",https://places.googleapis.com/v1/places/ChIJb7Bv0LazjxIRJ6ecqfEJvqU/photos/ATKogpf42vj6_BsLdf0XECKfin1OFsdQoPTJA_oBlK6Md8-B-kdga2rY2nxPf8P-_HlcJVT_5LI66bv4xDOEryny6Q9eRS6UYU9PpcN_NvoShYgB_G8T0hspRHzT6Dht1yw4F3TkiMZWsGsqAZk7or9bwoqYR8xlzDVL3weeCw3U9zTkHJb3VaHRZGcOOh3Jy0SHhf8_W1SAevI4nZzoerwOir6zs994XvAj1hIJ8ju1HEJ160bsGTe8KdWSmnsHsERJbRDTv1ETIlC4UO-2B1rKr8yObycTFZZ_XQLOKnzrFatMXg/media?maxHeightPx=400&key=AIzaSyB6EE_Ns6JWEPjmb-RyI_IqXmJvZYLJNbM,"https://www.google.com/maps/search/?api=1&query=36.7470052,3.0433613&query_place_id=ChIJb7Bv0LazjxIRJ6ecqfEJvqU"
ChIJG8nuKxCyjxIR7SIJWNnQl98,ALHAMBRA,"RESIDENCE CHABANI - VAL D'HYDRA RESIDENCE CHABANI, Hydra 16035",36.7547507,3.0298201,+213 20 06 87 46,http://www.alhambra-dz.com/,4.4,36,lundi: 09:00 – 21:00; mardi: 09:00 – 20:00; mercredi: 09:00 – 21:00; jeudi: 09:00 – 20:00; vendredi: Fermé; samedi: 09:00 – 18:00; dimanche: 09:00 – 20:00,https://places.googleapis.com/v1/places/ChIJG8nuKxCyjxIR7SIJWNnQl98/photos/ATKogpft-BmLG3eGhseu-MhISPoBLIuVHz2GHxEd6Kkb872covJK3szpP4rbjyNhR2ijcbnv2lUGT6O_t8W5KKbVaUkALY9_E_2Sd2iVrs2C-cEkV97eqiLd8Zk-9DnM4CjFxaFfUYIBFQrdp1IYQOQxBLEAZ9hQHgcTSC2AtekJR-pDIlzfG-J6T0xTcjrIkicNhjo_LBw8g4oJhTSTyjbX916d4GhhsFfXU0hEVusD76pL4K0Aoovggvi0bh4yxjLUiEQ-Ao_yIBLfBT4oqnW8cKRXru2Jk_CBPq9mUK0UNUugPA/media?maxHeightPx=400&key=AIzaSyB6EE_Ns6JWEPjmb-RyI_IqXmJvZYLJNbM,"https://www.google.com/maps/search/?api=1&query=36.7547507,3.0298201&query_place_id=ChIJG8nuKxCyjxIR7SIJWNnQl98"
ChIJLUkcdkl38RIRKTo7Ayqgtj0,قاعة متعددة الرياضات برشاش محمد بلقاسم,"Complexe sportif - les terrasses, Constantine",36.343848,6.606285499999999,+213 656 30 50 20,,4.2,10,,https://places.googleapis.com/v1/places/ChIJLUkcdkl38RIRKTo7Ayqgtj0/photos/ATKogpctu6EfMbvTDHL7rL54nAmty8S-jtBiaI78ajJ-mGFCwwwWsucn9HU2xSCkt2gowBUiR9viyJBVNIugYGvAZnlN290X_7e0HD6yHOP8VuxqLIg9yTkVlhPFB94AfagiNNF4Esw91ce865STC6OkETgaRgJMU8mIV_Fo3XQW0yhauq3Bj-HL9-vaiU49qN9c_nDfY-OmnM6bmrZCZkHmOXY8eI0k5nItMq7bb55sHNf87rRd35olj4zc3AReqaVrK_XdXf2vOWqpvP1SgV3Y_cGxK0zlYph8K0XLPY9by8Z_hFRaPQRdD42yZwXd6DpvB8ZqcBZiylikyZ_Fw3wfCHQzHdPX7SWUCelZ2aSGk3ukxah-MXLBA0LgAMIKEKhhIYuhtVnkj3TYORH4nE6uXCo1NiegzWR6CO_S3a5HuUM_w1nx/media?maxHeightPx=400&key=AIzaSyB6EE_Ns6JWEPjmb-RyI_IqXmJvZYLJNbM,"https://www.google.com/maps/search/?api=1&query=36.343848,6.606285499999999&query_place_id=ChIJLUkcdkl38RIRKTo7Ayqgtj0"
ChIJY6ZUjYGJfg0RGDd7s6bQrMg,"ANSEUR SPORTS "" SPORT DE COMBATS "" MMA BJJ KICKBOXING","P928+GFV, Rue Bouachere, Oran",35.7013552,-0.6338332,+213 774 54 16 83,,4.5,15,lundi: 08:00 – 21:00; mardi: 08:00 – 21:00; mercredi: 08:00 – 21:00; jeudi: 08:00 – 21:00; vendredi: 08:00 – 21:00; samedi: 08:00 – 21:00; dimanche: 08:00 – 21:00,,"https://www.google.com/maps/search/?api=1&query=35.7013552,-0.6338332&query_place_id=ChIJY6ZUjYGJfg0RGDd7s6bQrMg"
ChIJPScwqoOJfg0RGncj5Zb7Ew0,Salle de sports olympia pour elle,"M9XG+XPW, Oran",35.699992,-0.6231808,+213 558 10 76 03,,3.7,3,lundi: 08:00 – 20:00; mardi: 08:00 – 20:00; mercredi: 08:00 – 20:00; jeudi: 08:00 – 20:00; vendredi: 08:00 – 20:00; samedi: 08:00 – 20:00; dimanche: 08:00 – 20:00,https://places.googleapis.com/v1/places/ChIJPScwqoOJfg0RGncj5Zb7Ew0/photos/ATKogpd4OHXLLn6SK-jIVS5u3OqYI4PtNGoHxQMVAsMuYwU09u1EulRkTkKGkjiwTlafd0ziAedxx2OSo6XCMtxF86qU4RyRDBgJePsNtdiRhrPCwX2qhln4DAB15AJIZVwefK_ueO1KuNb1xfaCExTjW5vAKGJx7eIV0LO8V2IoNvXpVRyB0RYOrdY9NjwtHMGZqDUyjSsPFB3fWIW19_dSWVD58SqF_lIO8nRv5NkEbDQZzBnD5m1ePJ7qDl3of38pbpneyURCvODNNJjIjAz7Is5yDyyPX7OocBYExHlEJnFSSdZjUOSRHHbgiT-vSpqDgiIP1h26105iHoTfl1bzOggR8VqWWX-nEZmh99Oj1Y4a-PC3elKihUM1z3QhfeNcJIXSfWkc4UYh_vUxcWkavjozf4GNksIwC7dDJEh7CfDkOI4/media?maxHeightPx=400&key=AIzaSyB6EE_Ns6JWEPjmb-RyI_IqXmJvZYLJNbM,"https://www.google.com/maps/search/?api=1&query=35.699992,-0.6231808&query_place_id=ChIJPScwqoOJfg0RGncj5Zb7Ew0"
ChIJIc-BHgCzjxIRDX5CSLe6GJw,Golf Elmouradia elmadania,"69 Rue Ali Haddad, El Mouradia",36.7492192,3.0540141999999997,,,4.5,26,,https://places.googleapis.com/v1/places/ChIJIc-BHgCzjxIRDX5CSLe6GJw/photos/ATKogpcilDVFaPLjE3PclFGTi3sq1WbUwYFJsFmKTBtg3vAGCVOwT2TzXQRcACRyqkj5dbGuhhiE5binxew5FEFYo6PAtkaCKVVFmlh-g3AmpIZGeh27YSNDmD-5lN6l5AIB8NhmThN2F5mRg0f5phi4OqiOrJ3y3BWj6Bv9LZK07YV6O3octtaV2bIHxPu3SAGa_mYocT5NuZxptuBx58JEcvjmBfX8qwSs1-Fs2mY8nLJZkzJumSSMvyQDkDY2rje7RvPDOI-41Xoo1sLdax6u6LdUc-4uVZIjQUQ60cdzVFjQRyTnhYjnqniJYg9cVqdHcDisOJAjQ6mbiozzNY3WQ3TD7Nvx4UHUZgmzaSzee9XHWOLAK8UsV_H6lIn4vqOLC3l9Hy1DKtx-GcLU2OhRG_yiAGO-Lz4Qs6fzAdVymtpc_do/media?maxHeightPx=400&key=AIzaSyB6EE_Ns6JWEPjmb-RyI_IqXmJvZYLJNbM,"https://www.google.com/maps/search/?api=1&query=36.7492192,3.0540141999999997&query_place_id=ChIJIc-BHgCzjxIRDX5CSLe6GJw"
ChIJkasFJwB38RIR8X_l5w-w3w4,LosCampeon,"9HJQ+7V4, Constantine",36.3806346,6.5897102,,,5,1,,https://places.googleapis.com/v1/places/ChIJkasFJwB38RIR8X_l5w-w3w4/photos/ATKogpfLeHEes2LzGtH_f9hzMFwjB6VlLo6DeJh7RMqVNIgUNUwqrW-5nv_SKKKSPL0HaOfmvkHqErZaFgB6XCWikuKxkwV1v5c132LROItOFB6v1sbEzbUQ-yQ-jtHZOvOlmEFyYNjMLsj6ApkM26PbLyO_2RlU5bIifBBtsQTsD4Q5HnZCSIcXhcNzntzfZzYKr-74XneOl4On884fDSucH5GOrLtwA8_GZyrG3vx5tim3eQUSYwiQi211kYvlPdyAmLnuAXHlbg59P0Z0u-suDh-3-xbhFpY26SlC01uEnZZo9oC9FeHTBUNOTOM1y0BPAP6KgL5gvYn1-lla3QxIRh_A54yxB-v0o6_OpeXQRVDddoeUhiO9ljCBfLxrItaQikAV3ltMy0kwk009pTtkiuNn2S19H_8rRjKKcrbauxYBOzE/media?maxHeightPx=400&key=AIzaSyB6EE_Ns6JWEPjmb-RyI_IqXmJvZYLJNbM,"https://www.google.com/maps/search/?api=1&query=36.3806346,6.5897102&query_place_id=ChIJkasFJwB38RIR8X_l5w-w3w4"
ChIJoyprkzWIfg0RQ1zYIS5YBuY,Metal Sport Boukli,13 Avenue Ramdane Cheikh، El Makkari,35.6993715,-0.6195473,+213 553 59 15 92,,4.1,38,lundi: 08:00 – 20:00; mardi: 07:00 – 23:30; mercredi: 08:00 – 23:30; jeudi: 08:00 – 20:00; vendredi: 16:00 – 23:30; samedi: 07:00 – 23:30; dimanche: 07:00 – 23:30,https://places.googleapis.com/v1/places/ChIJoyprkzWIfg0RQ1zYIS5YBuY/photos/ATKogpdCAz_KVcmtlRVpvTr_VGUzBXx1p7XEjwN3_IHTqLj_qq7wjQ0qRm_nbhP-xAoxH57QCBax5JvMIw-zC56z8ztFuY0-sjMlQA5wSI7qlwettC3E-kZ1Sd8xp-aWTbYua5zZS-ROjMJ211J87yINV9OjJiJn3_dF3pL4-piUMTy1E9agy6soSn6y40X0awhTw6sDPHA0C0K1CPLtKAvMb2R-IJChEOk_XSFMB5SZENOFAG-nQw7-K7WE91qMVHl0Mdqd8Y5OI3gJVye5kCjeRgU6t-MPUFxIBkD1UNjh4if30Q/media?maxHeightPx=400&key=AIzaSyB6EE_Ns6JWEPjmb-RyI_IqXmJvZYLJNbM,"https://www.google.com/maps/search/?api=1&query=35.6993715,-0.6195473&query_place_id=ChIJoyprkzWIfg0RQ1zYIS5YBuY"
ChIJ09wr5KqtjxIR3dZSoYafSn8,Source fitness & gym,"20 Rue Fabri MARCELLO, Bir Mourad Raïs",36.7368021,3.0623736,+213 772 07 15 06,https://www.instagram.com/source_fitness01,4,22,"lundi: 06:00 – 22:30; mardi: 06:00 – 22:30; mercredi: 06:00 – 22:30; jeudi: 06:00 – 22:30; vendredi: 08:00 – 12:00, 15:30 – 21:30; samedi: 06:00 – 22:30; dimanche: 06:00 – 22:30",https://places.googleapis.com/v1/places/ChIJ09wr5KqtjxIR3dZSoYafSn8/photos/ATKogpf8Otw94FDBdMdXkLLGnXf88AuawvlqbmK_JbDUVXwoiPNJoKrEM7adYWDpy5ZlyLtV4Nbi2pYzlOVM5X63ne2qqmohRuy4w9z6QfBsJZpxZD4XJ5CX1Et22DnwS7n_QHHVE80CxUBllPLxAN20Y9xn7cYbMx5A6nMWihPFIr3ucFQW1bX5h8Kp-cXOyfIJKQ_CsSl_JrXOyWqrY6Jlk25MW1GEGF5-UoqKGVUXCJGzzbgv9M3Zrxckd5v5ROfu7qWwkR-KUh6HiNqfWDnGnuYAlYEXaMHAovGafKlm5qMhHLVrL6c3h4184h62-JJ04hndFMexb7LwbnD8uiIsXEPPnOWgwiC4l7yBXJeqM0gez4qdXZk3xxV8A4IPCR3qGD_ud5zZyRFEipuuneRIw1IwcYkXh_iRm_KlXqgBUxL3_zbw/media?maxHeightPx=400&key=AIzaSyB6EE_Ns6JWEPjmb-RyI_IqXmJvZYLJNbM,"https://www.google.com/maps/search/?api=1&query=36.7368021,3.0623736&query_place_id=ChIJ09wr5KqtjxIR3dZSoYafSn8"
ChIJ77e9TDWJfg0RQoLedhwSAFA,Wolf Gym Oran,"M9RF+6R4, Rue Cap Gazi Boudjemaa, Oran",35.6905043,-0.625437,,https://wolfgymoran.wordpress.com/,4,6,,,"https://www.google.com/maps/search/?api=1&query=35.6905043,-0.625437&query_place_id=ChIJ77e9TDWJfg0RQoLedhwSAFA"
ChIJZ8fE-ZF38RIRXQOeOXMtGqE,golden body,"9J6P+7WP, Constantine",36.3607225,6.637319199999999,+213 779 48 78 98,,4,6,,,"https://www.google.com/maps/search/?api=1&query=36.3607225,6.637319199999999&query_place_id=ChIJZ8fE-ZF38RIRXQOeOXMtGqE"
ChIJf3-JQD538RIR_xcEUKAlyiE,ASPTTC,"9J63+9C6, Rue Benmohamed Abdelhamid, Constantine",36.3609013,6.6035242,,,4.2,6,,,"https://www.google.com/maps/search/?api=1&query=36.3609013,6.6035242&query_place_id=ChIJf3-JQD538RIR_xcEUKAlyiE"
ChIJRza29gx38RIRz7DYR30OXfw,MUSCLE PLUS,"8JX5+M3P, Constantine",36.3492086,6.607710699999999,,,4.3,10,lundi: 17:00 – 21:30; mardi: 17:00 – 21:30; mercredi: 17:00 – 21:30; jeudi: 17:00 – 21:30; vendredi: Fermé; samedi: 17:00 – 21:30; dimanche: 17:00 – 21:30,https://places.googleapis.com/v1/places/ChIJRza29gx38RIRz7DYR30OXfw/photos/ATKogpez8Ksn5YNxAB2SbLo4s3TcOddzlxHcfeNgIeB0th8O4bWpcAvHritSo8ucZ9ePzE5utQcrnG-878P-TB7mCJgjIWSLzpKudGaTWEIj7ApIM45NiYs6iVsAdBMyaPyXI2y0zyzKz_xCrOQiFw2ppSfDVeA49Gu3CrP0BKOFrt3s_gqmwM9eZFd1RgRAJZcjPlDgjF3rCA7UbE6gfyF400ekrIrOhfQGwcV9_QF1XNfaaBFUiG6P9HUjnSUxVp5udYtDghDQwKWy4TZADUM4sNouPPQU-GMuAZcQFu38pSYl9uA-7CqLlaRSaNIg7LdgadyxBtqEkDldTYyhmf71LfCdfrb4smvPtLUYOzKz-GxRISH0KIktxLCrWapaK0gj64JO4qm4WJ8ge7tCKU26RQR2Z-Hwe3GD-bvk7U70zMvFVw/media?maxHeightPx=400&key=AIzaSyB6EE_Ns6JWEPjmb-RyI_IqXmJvZYLJNbM,"https://www.google.com/maps/search/?api=1&query=36.3492086,6.607710699999999&query_place_id=ChIJRza29gx38RIRz7DYR30OXfw"
ChIJ9dJX_qyzjxIRWtFRFrBWFik,Energym Alger,"5 rue bouhamidi, Ave Mahmoud Boudjatit, Alger Centre 16000",36.7772714,3.0582778,+213 794 08 14 59,,4.2,108,lundi: 07:00 – 21:00; mardi: 07:00 – 21:00; mercredi: 07:00 – 21:00; jeudi: 07:00 – 21:00; vendredi: Fermé; samedi: 10:30 – 16:00; dimanche: 07:00 – 21:00,https://places.googleapis.com/v1/places/ChIJ9dJX_qyzjxIRWtFRFrBWFik/photos/ATKogpfztfViyrKiKfnh2nm42gWa6AZfqE7msUEnWtxKBXAzMxqnhfo_VF4rSkw6u-BAHQQy_RUHAOD77PB_WhDF9s7P4UB-xIvcjKmHRvSpweomFnSoA5tjS_XmQ_xMIpLKB6sDixBBqTzoVy7QbfMmdwj2goZeLgtpcZqF_HyVoab_K8uVupWnBgsJiocrpxrRQYuvFiPSI52w6kSEvuUPhsHBI4JoRe399zZ9HCTgfVcVRv8y3q8We7IrN4M5nXPk9Xh32HoDqPGULP8UhX9eoIm9Sfx-madKs20i0xUD11d0Dg/media?maxHeightPx=400&key=AIzaSyB6EE_Ns6JWEPjmb-RyI_IqXmJvZYLJNbM,"https://www.google.com/maps/search/?api=1&query=36.7772714,3.0582778&query_place_id=ChIJ9dJX_qyzjxIRWtFRFrBWFik"
ChIJGReyaKd38RIRBVyzPWFQ6VQ,Fitness First,9J53+QG5، Rue Boudehane Messaoud، Constantine,36.359375899999996,6.6038535000000005,,https://www.facebook.com/Aissa.elhadef,3.3,6,,https://places.googleapis.com/v1/places/ChIJGReyaKd38RIRBVyzPWFQ6VQ/photos/ATKogpfYeC0XTh_9X90REP7Wf65hmDU0zmZxl3mBXuS0PjQtiNuLy5EyCNsEnJMnV_9U5gUS8NFApSCo63OjLTrS2_uqfwyOV06tZCAhTWhRVCIRWKdNc6X1kwe4HKDUx4T4HlpZgtStf2EEPJQOii6eNyUI3W8-5GyXvsB53BAjuuIPpdJMvmeymzGHCsWyecfw-U__M-fbJygllGSztSgRKxPGAKsgwF0TsCbP6JqiMs16bplSgIyIekS3ViQwhUVuK8i78_X2jN_FHShqTFDXdpUorVN5q-jfQI1nqAY2JxwgOcIP2VqiLbYDTr0RVxC_JI00Z-tAQx-ZJQLYLES0ZRuRF9qFziFab3y1wEKT6oH4es5ZGQQtXaCh2xWvVmKpQQnB4iQbnVIdoZrbpjeWojR8f3hn2xSLCqePkKZU9NI/media?maxHeightPx=400&key=AIzaSyB6EE_Ns6JWEPjmb-RyI_IqXmJvZYLJNbM,"https://www.google.com/maps/search/?api=1&query=36.359375899999996,6.6038535000000005&query_place_id=ChIJGReyaKd38RIRBVyzPWFQ6VQ"
ChIJka0WsPh38RIR1SpesFmOSiA,FNC FITNESS,"43 rue hmida benteliss, Sidi Mabrouk، Constantine 25000",36.3567345,6.6281199,+213 552 20 99 06,,4.7,20,lundi: 06:00 – 22:00; mardi: 06:00 – 00:00; mercredi: 06:00 – 00:00; jeudi: 06:00 – 00:00; vendredi: 07:00 – 22:00; samedi: 06:00 – 00:00; dimanche: 06:00 – 00:00,https://places.googleapis.com/v1/places/ChIJka0WsPh38RIR1SpesFmOSiA/photos/ATKogpdZhkXzioEGr0tLHtmuS7zR0DJBGfu9jYI_1aZcVPEkX_5A0rv1BpgChNfOp_bEvVWYLr2TCZ-PWa4oVqKyAVKbg6-A5KKxecj8mSARNW89FgCg8880p39qcYjRYrvKddPj0inikMeQ663YnxdZx5lXL8wd5NH4H6iyZjjf2YnlP0UonxtFjU3O2qOgY6aqpStm4A3JOk3bguGUQSdKZAS58R-eiT6d48bIYvNT3U6ejXQMO6Ag1kIIdI_UqqKhfpTBwjOdrwcAPbG2XcY-rGZ9-tJsVfix5QbMdFKkdMIECQ/media?maxHeightPx=400&key=AIzaSyB6EE_Ns6JWEPjmb-RyI_IqXmJvZYLJNbM,"https://www.google.com/maps/search/?api=1&query=36.3567345,6.6281199&query_place_id=ChIJka0WsPh38RIR1SpesFmOSiA"
ChIJhTVgEdatjxIRrOjU45jQ528,Body Glad Fitness El Madania,"62 Bd Abderrahmane LAALA, El Madania",36.7423986,3.0643031,+213 559 78 96 58,,3.9,40,lundi: 06:00 – 00:00; mardi: 06:00 – 00:00; mercredi: 06:00 – 00:00; jeudi: 06:00 – 00:00; vendredi: 08:00 – 00:00; samedi: 08:00 – 00:00; dimanche: 06:00 – 00:00,https://places.googleapis.com/v1/places/ChIJhTVgEdatjxIRrOjU45jQ528/photos/ATKogpeusOIAu-bpjyo7mWQx-QBR8WcVh6FMODV26g55PCieahDb9uU7yRe3sExViHt7zHAep62Vk21roLlv80SQV93UDpf-hPufLab9GeRra8fJqIUvpDakgfAnCFpUaGiyRyHeGmS5yszZ4L6LYp1AjHUUxkR-SilijxzHnZ9OorHEMEOkP3IVX_sTBczkjCUoLNbhkkPv8z7CtYZEn6WUELEDEF3srvGn3vMMd2Br8ZQG2AYdsOUVVb__7gjivJ5gUzri129s32IXxRhmW8YFkUYmJc8ZcaqbHMLg7d7e5rtV0xoFf3PpV_2tRe3IqjApOwo3ExTgD3lvYfarESNPmtr3r8GG9GBk50__rRoJVn3y8IJ0aLondYpNHrp9bgk_9uolCeXDiducn6zQwMDAITkryEw1BpGh0fjmoDYs9y3JTw/media?maxHeightPx=400&key=AIzaSyB6EE_Ns6JWEPjmb-RyI_IqXmJvZYLJNbM,"https://www.google.com/maps/search/?api=1&query=36.7423986,3.0643031&query_place_id=ChIJhTVgEdatjxIRrOjU45jQ528"
ChIJc5tu1g2Jfg0R-683xfaIVC0,Salle De Musculation BOUAFIA GYM,"Rue Belair, Oran 31000",35.699585899999995,-0.626223,+213 795 40 98 25,,4.7,15,lundi: 07:00 – 00:00; mardi: 07:00 – 00:00; mercredi: 07:00 – 00:00; jeudi: 07:00 – 00:00; vendredi: Fermé; samedi: 07:00 – 00:00; dimanche: 07:00 – 00:00,https://places.googleapis.com/v1/places/ChIJc5tu1g2Jfg0R-683xfaIVC0/photos/ATKogperyW9OnICtaFxhKXK-JnTk0BKDSuFq5rnEmIcw-ayLP0vM3P2DbZwCcNjzLs-sx4mG_DOb_EqKyvKGIMrD5TdLW6NCSMCQR_EE-AE1Se2F9XJhUbsMY-A1aS1Ve_o-pQfCL6QLI2FFmTwVvLqkJY0hzLzviQ7Lk7vkyhP8nF8RPdBwT2QPb0507NUS6KAEplDhJa-sCoMFbOFUvSvYH-4Jr1UowyfD73PDrKPLbDdqCMO92A3qyOLVw8jOhhpHMkjtS1RNNozeIDVJUCtGUVsXm1pdrHXAyx4eyv85FWcBJA/media?maxHeightPx=400&key=AIzaSyB6EE_Ns6JWEPjmb-RyI_IqXmJvZYLJNbM,"https://www.google.com/maps/search/?api=1&query=35.699585899999995,-0.626223&query_place_id=ChIJc5tu1g2Jfg0R-683xfaIVC0"
ChIJD2oY9a5w8RIRPretNEZieAo,Salle Vip Fitness,"8HMP+WFW, Constantine",36.334860299999995,6.5862155,,,3.9,16,,,"https://www.google.com/maps/search/?api=1&query=36.334860299999995,6.5862155&query_place_id=ChIJD2oY9a5w8RIRPretNEZieAo"
ChIJO_tXYvmJfg0R5htakdmq-zw,Fox Gym Oran,"15 Av. Colonel Amirouche, Oran",35.68964,-0.6547949,+213 541 77 66 18,https://www.facebook.com/FoxGymOran/,3.8,38,lundi: 07:00 – 23:30; mardi: 07:00 – 23:30; mercredi: 07:00 – 23:30; jeudi: 07:00 – 23:30; vendredi: 15:00 – 23:00; samedi: 07:00 – 23:30; dimanche: 07:00 – 23:00,https://places.googleapis.com/v1/places/ChIJO_tXYvmJfg0R5htakdmq-zw/photos/ATKogpfcO-V4c3Qz-2kZU5vD-TIyp_YW5cyvXhch4H3S23R8Pw_6L3Nfgj8rzQw_nOmxU-CDyTVCPEkm609zex3y2yHn2YD3nqOxZh3CAdQ8OfLBaMFkMN1jH7-_AOS3xkku7YLTC0QK1Jb3A3OGgRMU8J727DIqCFaTVNzIv9C9Sr0T9OpdsZXq6n8BmJxCG46AXpJoP4IuTf_gKiwLnsNpFBcR5j-P5pbDu3oAUr-v7Nzaf5dpRjVkYD2VZU-RlWcBgPb0jKKdiSHxaYHmg6o_oo17Pm6jQH4ewQhyyz4Tef8BKw/media?maxHeightPx=400&key=AIzaSyB6EE_Ns6JWEPjmb-RyI_IqXmJvZYLJNbM,"https://www.google.com/maps/search/?api=1&query=35.68964,-0.6547949&query_place_id=ChIJO_tXYvmJfg0R5htakdmq-zw"
ChIJG8UAJwCJfg0RILNL-fZ4UKI,CitePetit,"46 Rue Abed Bey Bey, Oran 31000",35.6772766,-0.6724133,+213 696 35 72 42,,3,4,,,"https://www.google.com/maps/search/?api=1&query=35.6772766,-0.6724133&query_place_id=ChIJG8UAJwCJfg0RILNL-fZ4UKI"
ChIJzdcEoddx8RIRyRKah53i4DE,MYFiTBOX,"Z.I EL rimel Boussouf,27, A, Constantine",36.330352,6.5914008,+213 770 99 66 21,,4.4,19,lundi: 09:00 – 21:00; mardi: 09:00 – 21:00; mercredi: 09:00 – 21:00; jeudi: 09:00 – 21:00; vendredi: Fermé; samedi: 09:00 – 21:00; dimanche: 09:00 – 21:00,https://places.googleapis.com/v1/places/ChIJzdcEoddx8RIRyRKah53i4DE/photos/ATKogpcQk3Q0hFLOQ-vHUUUnlzrE9MpxXz8LLHswywDLwUUYWBkd9v8qeOnctXSp-C4uO-lJoZhgwEZwlAa9-9tr6sKizOANqItLU_f7RGwa4igubIYA-nDIuW00xZL-EP1hQyFdbf1IFSb7qTH4rmHZTwM7AWEb9_DP8Lvc2wTmrNDPecQyyJgsAb1wJS2sDKWIRv45WPBolibA7PCIGeUb3yLE4bcGkk_MdgwjX2r0CrSylyvCH5iNiOMl4562gNlK3f2xHS_mQU4ArBDpd5kCwDLSXdaB6-1dtlbWkSpBSM_RewsjXUyJ_Vf2tlwXrISox91JVKoaOA5lzd6Aoyc7v17GvZ_vXk5N9Ww1fEQ2Z8P_2HV69tNvusNzzbx2f8Ca5ax8abEJmOXJEeQywSzUo7P7YvJ98VWLICcNYBiwJPjQYbbT/media?maxHeightPx=400&key=AIzaSyB6EE_Ns6JWEPjmb-RyI_IqXmJvZYLJNbM,"https://www.google.com/maps/search/?api=1&query=36.330352,6.5914008&query_place_id=ChIJzdcEoddx8RIRyRKah53i4DE"
ChIJqapeGt6tjxIRExO5t1AJQDY,Oxygène Fitness Club,Hydra,36.739800300000006,3.0382192999999997,+213 770 27 42 74,,4.2,44,lundi: 06:00 – 22:00; mardi: 06:00 – 22:00; mercredi: 06:00 – 22:00; jeudi: 06:00 – 22:00; vendredi: 15:00 – 22:00; samedi: 08:00 – 22:00; dimanche: 06:00 – 22:00,https://places.googleapis.com/v1/places/ChIJqapeGt6tjxIRExO5t1AJQDY/photos/ATKogpd7LP7KA9m6i-sVkbaSAjkzmvuClfTEQsM1KxAzcEokK5pdD95tvSAL2GIaq-RLIRoNpCCrB8tv5v6s7CYMDPJLjTF0ENu3lvQmkL_nhxnADBlAGEOgKzwH2qmlZXs8NQWe21tM26jmHAaHiVkkq8agpQwTOkboa7jcW_Z-4RJRpE0yjELmzPJm6fh909rTCzTVwpQYOrbLfRPkJ86hyZo-Dik9NLDPuUVQwzPd7jOyqetInIesbKcEKXOofb6OtI-7zEy1WSw08JN6D9GDLsACgyQFLaFvBcGhJOo0nJz-HQ/media?maxHeightPx=400&key=AIzaSyB6EE_Ns6JWEPjmb-RyI_IqXmJvZYLJNbM,"https://www.google.com/maps/search/?api=1&query=36.739800300000006,3.0382192999999997&query_place_id=ChIJqapeGt6tjxIRExO5t1AJQDY"
ChIJi8CDLvh38RIRDOL88n-fFg8,Joker gym,"9J2R+JC5, Constantine",36.351850999999996,6.6410298,,,5,1,,,"https://www.google.com/maps/search/?api=1&query=36.351850999999996,6.6410298&query_place_id=ChIJi8CDLvh38RIRDOL88n-fFg8"
ChIJkQPy_sF28RIRgRqxOt-dvrI,No Limits Gym,"9J6P+3WW, Constantine",36.360225799999995,6.6373231,+213 553 26 38 11,,3.5,2,lundi: 06:30 – 22:30; mardi: 06:30 – 22:30; mercredi: 06:30 – 22:30; jeudi: 06:30 – 22:30; vendredi: Fermé; samedi: 06:30 – 22:30; dimanche: 06:30 – 22:30,https://places.googleapis.com/v1/places/ChIJkQPy_sF28RIRgRqxOt-dvrI/photos/ATKogpeDc93u-eDmS6f88c4LhDVYjMxQE-LG1nar3sy4flkPN4PjrxrT614uGrRI0BVkiM5ipsaMtIjIdZjUAXmdK-eYWSkiqFFOscZvzJUVKJeN94xpcRdLQAHuzOO9GRKlBqJEfy5rdudRHdDABjCa9gP83XmqSWCOHm5xHupr-lbTeWBznNCHcASbVX0LxOkgXFHNn9-XVa68r6bNEVQodDwSompR72YVe_XE39WB9KzQ_kozJZGCe6yGL4bQE4lCrSADzmCtkOcHc6lLN-lzh9glq0PZ-rE3drbllGJCV2KPXo1Ls7FP-raQCDTOC6Y7N_i9NrapR6gXqMsHNJfNoF8oLGdmzMDjv44ovgSX31ZQxL3r64J1U1FDniYhhQOxDcP_Yiz8Agy8oXB-y5x7oeIdERnkIxOQ5-L0jwX2G4p-1Q/media?maxHeightPx=400&key=AIzaSyB6EE_Ns6JWEPjmb-RyI_IqXmJvZYLJNbM,"https://www.google.com/maps/search/?api=1&query=36.360225799999995,6.6373231&query_place_id=ChIJkQPy_sF28RIRgRqxOt-dvrI"
ChIJSa8iegCzjxIRL2QgiAWC27Y,Khrouba,"Q323+3J2, El Mouradia",36.750139,3.0540092000000003,,,4.3,4,,,"https://www.google.com/maps/search/?api=1&query=36.750139,3.0540092000000003&query_place_id=ChIJSa8iegCzjxIRL2QgiAWC27Y"
ChIJQ1lotKOzjxIRgAzRwuRj_Ic,Mashouda Team,"Rue du Philosophe Aristote Ex rue de la Cordiere BT 04 étage 01 Local n 08 1604, Belouizdad 16015",36.743897499999996,3.0818906,+213 660 84 86 82,https://www.instagram.com/team.mashouda?igsh=MTBuZnE0ajN2NGc2ag%3D%3D&utm_source=qr,4.8,33,lundi: 07:00 – 22:00; mardi: 07:00 – 22:00; mercredi: 07:00 – 22:00; jeudi: 07:00 – 22:00; vendredi: 07:00 – 22:00; samedi: 07:00 – 22:00; dimanche: 07:00 – 22:00,https://places.googleapis.com/v1/places/ChIJQ1lotKOzjxIRgAzRwuRj_Ic/photos/ATKogpdyHSnLTSIa5aNHY8Zm4EtIwQrYNsijWTqCfVahy6RfOCzVoutQ-fZekffbBv-fnrjMZig-UXGlQah1LcoCHIbJntX82NKE-JAeGlE9cA1VnZT7NdTnuxFuusYUBaREWQAT5lmHxl70iaKff9xEnhXgWltGmfirPyoUAWEKbQBp2j__Tg0inDWgcGQGwuhMx-Gjj5k9yUm_jTbsXn9xu50U4tHqrRNfbQaoci_mdw-8LBjZi1ePQQNjQ1VPsNApq_mR3uSVfnawwWmEud12a4xy7iyOiJdzmUfd5NSm0K0JwtVji-9YPUhB04kN7bXCYHhyfxJiH4brFvGZycm6q2J64Zg2yU4cXSQoNxCUBq70h0mJX7FHgo82YY6FFlFdfS6vDpQRu32NI3nd3crb0enzGDYw_3ZdqWjp8PrpJFtMTZxC/media?maxHeightPx=400&key=AIzaSyB6EE_Ns6JWEPjmb-RyI_IqXmJvZYLJNbM,"https://www.google.com/maps/search/?api=1&query=36.743897499999996,3.0818906&query_place_id=ChIJQ1lotKOzjxIRgAzRwuRj_Ic"
ChIJ-d3Rh3CzjxIRUD7BqwVsoBY,House of Pain Dz,"Tour, Bd Hales Said, El Madania 16000",36.7456544,3.0599898,+213 781 09 86 02,,4.7,45,lundi: 06:30 – 00:00; mardi: 06:30 – 00:00; mercredi: 06:30 – 00:00; jeudi: 06:30 – 00:00; vendredi: 15:00 – 00:00; samedi: 06:30 – 00:00; dimanche: 06:30 – 00:00,https://places.googleapis.com/v1/places/ChIJ-d3Rh3CzjxIRUD7BqwVsoBY/photos/ATKogpeMMLuMYu-_uos7YtSJZ6RZDyL7FURzuT7-o1HsbtPrNnVkTqyBJI_XXU5nlI_74BrS-0nQo-l1wC5WjZ8-Bfz5UiP-tSXLeBZcoyg_1laLSSMwgl4OUvWWdYThztVdsz5XaAPxt0ZFn9euca_uzN-O4kIGTvdHIBqhgRMKThJ-TxfyHiGfEDKdWGIapcJupwjB-sb3iaBKUkGb86er-tOMAXjQANPqXUuG7N2PZnQyBnV77qbLxLs0RhgHw19IeUMUXt1aWABw6zuFDLKYzKmAehGB5A-_jFXyFKqHmSvseg/media?maxHeightPx=400&key=AIzaSyB6EE_Ns6JWEPjmb-RyI_IqXmJvZYLJNbM,"https://www.google.com/maps/search/?api=1&query=36.7456544,3.0599898&query_place_id=ChIJ-d3Rh3CzjxIRUD7BqwVsoBY"
ChIJZ1QfNh-tjxIRVioTzFV25oA,Salle omnisports la concorde,"Chem. de la CONCORDE, Bir Mourad Raïs",36.734186099999995,3.0429945999999997,,,3.9,53,,https://places.googleapis.com/v1/places/ChIJZ1QfNh-tjxIRVioTzFV25oA/photos/ATKogpfC1VYEg3onypg7MnWhVh_61k63KF0tBeq1T-mR8I-XJlHpwrt_584NxcW7h-1E43Iv9tnaNVZDGvX03MSc03EKdk7V4DuX0cro-jDNjYwaiAIgUCgehzuYBVAsyriwIYvpjcZdyJzgZp3Bfoe0lAFandTy2a3CaKa2wVn-PZUqekzAVIkxRPWtt4fj8Z8e4fMNMwmTNiAQYfmLh4ob2qVIVmpHjYbcwFliHRkKPmIhf8Ythmmi4XuUDWzLouilwhG3H__nzh31t2XmMFmlYGVN3ynIhoiSjBKtu5lYz1TVYLcPTuqX-aIaK-WA7SqPr2Q-aAGbsAKM9FkdtxGHerTW2B3Dec_6mWbtgQejXQ6FKMEqQ4zmd-XG3ho1zkzfKv3DT02lS3SrkL0z82PSxxSsNlRE52Bryh5JOVRGGXmjrrXB/media?maxHeightPx=400&key=AIzaSyB6EE_Ns6JWEPjmb-RyI_IqXmJvZYLJNbM,"https://www.google.com/maps/search/?api=1&query=36.734186099999995,3.0429945999999997&query_place_id=ChIJZ1QfNh-tjxIRVioTzFV25oA"
ChIJ23eAXwB38RIRxNnMt_cbA8U,Salle de musculation,"112, Constantine 25000",36.3501676,6.6003025,,,,,lundi: 07:00 – 23:00; mardi: 07:00 – 23:00; mercredi: 07:00 – 23:00; jeudi: Fermé; vendredi: Fermé; samedi: 07:00 – 23:00; dimanche: 07:00 – 23:00,,"https://www.google.com/maps/search/?api=1&query=36.3501676,6.6003025&query_place_id=ChIJ23eAXwB38RIRxNnMt_cbA8U"
ChIJ4-ODrCh38RIRbnQGzM9gVnk,Femme active,"22 rue zouiche amar, Constantine",36.3647158,6.638050499999999,,,5,2,,https://places.googleapis.com/v1/places/ChIJ4-ODrCh38RIRbnQGzM9gVnk/photos/ATKogpcYgPf_962SGkBZpZdkJjQ-Zkf8BgTlT5bi4imeaW5M5d-8To9_1wwumD_a3555gmfCgOVn6_IRgV3CQ-WWABTHlPT8Xnh3OHsCo-odHF8W6RxzUX8nKlkXGsxd6eZqOsAm-OTrrnetXg3FiE9lziOwA1Tv6U9sib_A3K_GdQiX5aIgzmu3tPE_Z268m0By8NLQkk06Be7PdEr1k24HVOur_yxR7Uq773qDrgc4lHNrJyCIDYc9qdEJ3-5rXojXCQgpmCKBp51wFVj9swM2g_jUFKkdjrGz5zFYrkPzl_ZmmIAqzc5ehG3Xbezlw3j4f_fF2_rzPlRysosSDWYxtK_1ImLP_A4PhLHxPssWcAVDQ_z9CvpQpMlE5briwCuEgPJNZghX5lfSYjrVSO2Go0STA0-HHVw8QGBnbU8h8pPdJjdM/media?maxHeightPx=400&key=AIzaSyB6EE_Ns6JWEPjmb-RyI_IqXmJvZYLJNbM,"https://www.google.com/maps/search/?api=1&query=36.3647158,6.638050499999999&query_place_id=ChIJ4-ODrCh38RIRbnQGzM9gVnk"
ChIJvfNB72978RIRnaS7ES0m2zE,STAMINA GYM,"298 Mahmoud haddad, Constantine 25000",36.338878699999995,6.5833265,+213 31 60 50 43,,,,lundi: 06:30 – 22:00; mardi: 06:30 – 22:00; mercredi: 06:30 – 22:00; jeudi: 06:30 – 22:00; vendredi: 14:00 – 22:00; samedi: 06:30 – 22:00; dimanche: 06:30 – 22:00,,"https://www.google.com/maps/search/?api=1&query=36.338878699999995,6.5833265&query_place_id=ChIJvfNB72978RIRnaS7ES0m2zE"
